fp,fn,tp,tn,fnr,fpr,rejection_vote,rejection_rate,month,year,day
120,272,7127,8734,0.036761724557372616,0.01355319629545968,2227,0.12050865800865801,Apr,2014,0
120,167,4985,5417,0.03241459627329193,0.021672385768466678,837,0.07261842790213431,Apr,2014,1
92,92,5699,5663,0.015886720773614228,0.015986099044309296,458,0.038153948683772074,Apr,2014,2
141,658,6058,8263,0.09797498511018464,0.01677772489290814,2184,0.1262135922330097,Apr,2014,3
141,658,6058,8263,0.09797498511018464,0.01677772489290814,2184,0.1262135922330097,Apr,2014,4
141,658,6058,8263,0.09797498511018464,0.01677772489290814,2184,0.1262135922330097,Apr,2014,5
75,118,3236,3551,0.035181872391174714,0.020683949255377827,600,0.079155672823219,Apr,2014,6
