fp,fn,tp,tn,fnr,fpr,rejection_vote,rejection_rate,month,year,day
66,31,2894,2882,0.0105982905982906,0.022388059701492536,237,0.03878887070376432,Aug,2014,0
136,580,5591,6148,0.0939880084265111,0.021642266072565246,631,0.04821947119058536,Aug,2014,1
139,66,4850,5444,0.013425549227013833,0.024897008776643383,1149,0.09864354395604395,Aug,2014,2
81,626,3669,4283,0.14575087310826543,0.01856095325389551,513,0.055931094635848236,Aug,2014,3
66,31,2894,2882,0.0105982905982906,0.022388059701492536,237,0.03878887070376432,Aug,2014,4
135,65,4737,4737,0.013536026655560184,0.02770935960591133,494,0.0485837922895358,Aug,2014,5
95,125,2520,3127,0.04725897920604915,0.029484792054624457,741,0.11213680387409201,Aug,2014,6
