fp,fn,tp,tn,fnr,fpr,rejection_vote,rejection_rate,month,year,day
263,112,5681,5769,0.019333678577593646,0.04360079575596817,777,0.06165687986033963,Dec,2014,0
1204,458,33729,32926,0.013396905256384005,0.035276882508057425,2627,0.037029206134415876,Dec,2014,1
5265,182,6456,1259,0.027417896956914732,0.8070202329858982,3644,0.21682732357491372,Dec,2014,2
263,112,5681,5769,0.019333678577593646,0.04360079575596817,777,0.06165687986033963,Dec,2014,3
343,1981,5064,7497,0.28119233498935414,0.04375,1437,0.08804068128905772,Dec,2014,4
1772,1216,47839,47117,0.024788502701049844,0.03624537216960871,4306,0.04211246943765281,Dec,2014,5
294,693,6183,7581,0.10078534031413612,0.037333333333333336,1799,0.10870090634441087,Dec,2014,6
