fp,fn,tp,tn,fnr,fpr,rejection_vote,rejection_rate,month,year,day
243,67,5453,5379,0.01213768115942029,0.0432230522945571,594,0.05061349693251534,Jul,2014,0
75,124,2743,2883,0.04325078479246599,0.02535496957403651,351,0.056832901554404146,Jul,2014,1
71,179,4064,4876,0.04218713174640584,0.014352132605619567,1100,0.10689990281827016,Jul,2014,2
183,207,5844,8928,0.034209221616261776,0.020085610800131708,3812,0.2009065036365553,Jul,2014,3
126,462,4510,5427,0.09292035398230089,0.022690437601296597,1101,0.09470153105109239,Jul,2014,4
333,193,10380,10377,0.018254043317885178,0.031092436974789917,1039,0.04654600842218439,Jul,2014,5
92,37,3259,3572,0.011225728155339806,0.025109170305676855,662,0.08685384413539754,Jul,2014,6
