fp,fn,tp,tn,fnr,fpr,rejection_vote,rejection_rate,month,year,day
83,156,3115,3676,0.04769183735860593,0.022080340516094706,808,0.10308752232712427,May,2014,0
59,836,2203,3063,0.2750904902928595,0.01889814221652787,359,0.055061349693251535,May,2014,1
128,100,5064,5135,0.019364833462432222,0.024320729621888658,627,0.05672154876062964,May,2014,2
357,1709,1867,15673,0.4779082774049217,0.0222707423580786,13218,0.40269315135266875,May,2014,3
90,357,4276,4590,0.07705590330239585,0.019230769230769232,457,0.046775844421699075,May,2014,4
59,836,2203,3063,0.2750904902928595,0.01889814221652787,359,0.055061349693251535,May,2014,5
106,124,3559,3568,0.03366820526744502,0.02885138813282526,373,0.04825355756791721,May,2014,6
