fp,fn,tp,tn,fnr,fpr,rejection_vote,rejection_rate,month,year,day
2378,504,83252,79071,0.00601747934476336,0.0291961841152132,5755,0.03366284510996724,Nov,2014,0
134,227,5338,5629,0.04079065588499551,0.02325177858754121,728,0.06038487060384871,Nov,2014,1
2162,820,65463,65990,0.012371196234328561,0.03172320694917244,7215,0.0509354041651959,Nov,2014,2
2138,372,53588,50193,0.006893995552260934,0.04085532475970266,3665,0.0333315144239514,Nov,2014,3
2162,820,65463,65990,0.012371196234328561,0.03172320694917244,7215,0.0509354041651959,Nov,2014,4
748,749,8834,22822,0.07815924032140248,0.03173525668222316,16541,0.332857085362418,Nov,2014,5
432,232,12885,12469,0.017686971106198063,0.033485776296411134,994,0.03679845994372871,Nov,2014,6
