fp,fn,tp,tn,fnr,fpr,rejection_vote,rejection_rate,month,year,day
97,223,3542,3990,0.05922974767596281,0.02373379006606313,702,0.08206686930091185,Oct,2014,0
125,921,2538,4081,0.2662619254119688,0.029719448407037566,1053,0.12078458362009635,Oct,2014,1
2187,703,85254,83339,0.008178507858580453,0.025571171339709563,6721,0.037715202801283924,Oct,2014,2
148,204,5058,5339,0.03876852907639681,0.02697284490614179,725,0.06318633432107373,Oct,2014,3
210,251,7382,7445,0.032883532031966464,0.027433050293925537,714,0.04461942257217848,Oct,2014,4
115,86,4395,4457,0.019192144610577996,0.025153105861767278,503,0.052637086647132694,Oct,2014,5
125,921,2538,4081,0.2662619254119688,0.029719448407037566,1053,0.12078458362009635,Oct,2014,6
