fp,fn,tp,tn,fnr,fpr,rejection_vote,rejection_rate,month,year,day
118,90,2847,2895,0.030643513789581207,0.039163624294722865,366,0.05794806839772008,Mar,2014,0
97,232,2204,2338,0.09523809523809523,0.03983572895277208,245,0.04788897576231431,Mar,2014,1
31,9,1004,975,0.008884501480750246,0.030815109343936383,93,0.04403409090909091,Mar,2014,2
91,64,2777,2789,0.022527279127067933,0.03159722222222222,295,0.049035904255319146,Mar,2014,3
159,61,3218,3377,0.018603232692894173,0.04496606334841629,575,0.07780784844384303,Mar,2014,4
145,25,3351,3116,0.00740521327014218,0.04446488807114382,207,0.030245470485096435,Mar,2014,5
77,16,1762,1667,0.008998875140607425,0.04415137614678899,124,0.034009873834339004,Mar,2014,6
