fp,fn,tp,tn,fnr,fpr,rejection_vote,rejection_rate,month,year,day
293,802,4310,4850,0.15688575899843504,0.05697063970445265,571,0.05274339552928136,Feb,2014,0
227,131,4208,4275,0.030191288315280018,0.0504220346512661,483,0.0518018018018018,Feb,2014,1
77,120,1114,1163,0.09724473257698542,0.062096774193548386,126,0.04846153846153846,Feb,2014,2
219,23,5823,5432,0.00393431406089634,0.038754202795965316,365,0.03077052773562637,Feb,2014,3
340,735,5820,6373,0.11212814645308924,0.05064799642484731,742,0.0529621698786581,Feb,2014,4
293,802,4310,4850,0.15688575899843504,0.05697063970445265,571,0.05274339552928136,Feb,2014,5
119,75,2762,2687,0.026436376454000706,0.04240912330719886,311,0.052233792408464895,Feb,2014,6
