fp,fn,tp,tn,fnr,fpr,rejection_vote,rejection_rate,month,year,day
90,72,3060,3194,0.022988505747126436,0.027405602923264313,492,0.07122177185871453,Jun,2014,0
798,347,19269,26587,0.01768964110929853,0.029140040167975167,9853,0.17330354944243148,Jun,2014,1
677,384,10979,10991,0.03379389245797765,0.058021940349674325,1565,0.0636282322328834,Jun,2014,2
122,171,4496,4503,0.03664023998285837,0.026378378378378378,364,0.037696768848384424,Jun,2014,3
90,72,3060,3194,0.022988505747126436,0.027405602923264313,492,0.07122177185871453,Jun,2014,4
1466,3417,19546,32563,0.14880459870226015,0.04308090158394311,15382,0.21253488821952635,Jun,2014,5
90,72,3060,3194,0.022988505747126436,0.027405602923264313,492,0.07122177185871453,Jun,2014,6
