fp,fn,tp,tn,fnr,fpr,rejection_vote,rejection_rate,month,year,day
244,1524,10215,14347,0.12982366470738563,0.016722637242135564,3970,0.131023102310231,Sep,2014,0
95,170,3945,4820,0.041312272174969626,0.019328585961342827,1016,0.10113478001194505,Sep,2014,1
52,81,1136,1901,0.06655710764174198,0.026625704045058884,932,0.227206240858118,Sep,2014,2
138,108,5112,5755,0.020689655172413793,0.023417614118445614,1173,0.0954745238482826,Sep,2014,3
138,108,5112,5755,0.020689655172413793,0.023417614118445614,1173,0.0954745238482826,Sep,2014,4
110,82,5011,5537,0.01610053013940703,0.019479369576766426,1024,0.0870452227133628,Sep,2014,5
73,80,2674,3047,0.029048656499636893,0.023397435897435898,574,0.0890198511166253,Sep,2014,6
